{
  "generated_by": "Llewxam",
  "generation_date": "2025-08-16T22:05:44.781312",
  "datasets": {
    "ecommerce": {
      "records": 10000,
      "columns": [
        "transaction_id",
        "customer_id",
        "transaction_date",
        "category",
        "product",
        "price",
        "quantity",
        "discount",
        "total_amount",
        "state",
        "channel",
        "payment_method",
        "status",
        "created_by"
      ],
      "description": "E-commerce transaction data with realistic patterns"
    },
    "financial": {
      "records": 2080,
      "columns": [
        "symbol",
        "date",
        "open",
        "high",
        "low",
        "close",
        "volume",
        "created_by"
      ],
      "description": "Stock market data with OHLCV format"
    },
    "iot_sensors": {
      "records": 50000,
      "columns": [
        "sensor_id",
        "sensor_type",
        "location",
        "timestamp",
        "value",
        "unit",
        "status",
        "created_by"
      ],
      "description": "IoT sensor readings with temporal patterns"
    }
  }
}